nullomer,length,type
AAAAA,5,pentaplet
AAAAT,5,pentaplet
AAAAG,5,pentaplet
AAAAC,5,pentaplet
AAATA,5,pentaplet
AAATT,5,pentaplet
AAATG,5,pentaplet
AAATC,5,pentaplet
AAAGA,5,pentaplet
AAAGT,5,pentaplet
AAAGG,5,pentaplet
AAAGC,5,pentaplet
AAACA,5,pentaplet
AAACT,5,pentaplet
AAACG,5,pentaplet
AAACC,5,pentaplet
AATAA,5,pentaplet
AATAT,5,pentaplet
AATAG,5,pentaplet
AATAC,5,pentaplet
AATTA,5,pentaplet
AATTT,5,pentaplet
AATTG,5,pentaplet
AATTC,5,pentaplet
AATGA,5,pentaplet
AATGT,5,pentaplet
AATGG,5,pentaplet
AATGC,5,pentaplet
AATCA,5,pentaplet
AATCT,5,pentaplet
AATCG,5,pentaplet
AATCC,5,pentaplet
AAGAA,5,pentaplet
AAGAT,5,pentaplet
AAGAG,5,pentaplet
AAGAC,5,pentaplet
AAGTA,5,pentaplet
AAGTT,5,pentaplet
AAGTG,5,pentaplet
AAGTC,5,pentaplet
AAGGA,5,pentaplet
AAGGT,5,pentaplet
AAGGG,5,pentaplet
AAGGC,5,pentaplet
AAGCA,5,pentaplet
AAGCT,5,pentaplet
AAGCG,5,pentaplet
AAGCC,5,pentaplet
AACAA,5,pentaplet
AACAT,5,pentaplet
AACAG,5,pentaplet
AACAC,5,pentaplet
AACTA,5,pentaplet
AACTT,5,pentaplet
AACTG,5,pentaplet
AACTC,5,pentaplet
AACGA,5,pentaplet
AACGT,5,pentaplet
AACGG,5,pentaplet
AACGC,5,pentaplet
AACCA,5,pentaplet
AACCT,5,pentaplet
AACCG,5,pentaplet
AACCC,5,pentaplet
ATAAA,5,pentaplet
ATAAT,5,pentaplet
ATAAG,5,pentaplet
ATAAC,5,pentaplet
ATATA,5,pentaplet
ATATT,5,pentaplet
ATATG,5,pentaplet
ATATC,5,pentaplet
ATAGA,5,pentaplet
ATAGT,5,pentaplet
ATAGG,5,pentaplet
ATAGC,5,pentaplet
ATACA,5,pentaplet
ATACT,5,pentaplet
ATACG,5,pentaplet
ATACC,5,pentaplet
ATTAA,5,pentaplet
ATTAT,5,pentaplet
ATTAG,5,pentaplet
ATTAC,5,pentaplet
ATTTA,5,pentaplet
ATTTT,5,pentaplet
ATTTG,5,pentaplet
ATTTC,5,pentaplet
ATTGA,5,pentaplet
ATTGT,5,pentaplet
ATTGG,5,pentaplet
ATTGC,5,pentaplet
ATTCA,5,pentaplet
ATTCT,5,pentaplet
ATTCG,5,pentaplet
ATTCC,5,pentaplet
ATGAA,5,pentaplet
ATGAT,5,pentaplet
ATGAG,5,pentaplet
ATGAC,5,pentaplet
ATGTA,5,pentaplet
ATGTT,5,pentaplet
ATGTG,5,pentaplet
ATGTC,5,pentaplet
ATGGA,5,pentaplet
ATGGT,5,pentaplet
ATGGG,5,pentaplet
ATGGC,5,pentaplet
ATGCA,5,pentaplet
ATGCT,5,pentaplet
ATGCG,5,pentaplet
ATGCC,5,pentaplet
ATCAA,5,pentaplet
ATCAT,5,pentaplet
ATCAG,5,pentaplet
ATCAC,5,pentaplet
ATCTA,5,pentaplet
ATCTT,5,pentaplet
ATCTG,5,pentaplet
ATCTC,5,pentaplet
ATCGA,5,pentaplet
ATCGT,5,pentaplet
ATCGG,5,pentaplet
ATCGC,5,pentaplet
ATCCA,5,pentaplet
ATCCT,5,pentaplet
ATCCG,5,pentaplet
ATCCC,5,pentaplet
AGAAA,5,pentaplet
AGAAT,5,pentaplet
AGAAG,5,pentaplet
AGAAC,5,pentaplet
AGATA,5,pentaplet
AGATT,5,pentaplet
AGATG,5,pentaplet
AGATC,5,pentaplet
AGAGA,5,pentaplet
AGAGT,5,pentaplet
AGAGG,5,pentaplet
AGAGC,5,pentaplet
AGACA,5,pentaplet
AGACT,5,pentaplet
AGACG,5,pentaplet
AGACC,5,pentaplet
AGTAA,5,pentaplet
AGTAT,5,pentaplet
AGTAG,5,pentaplet
AGTAC,5,pentaplet
AGTTA,5,pentaplet
AGTTT,5,pentaplet
AGTTG,5,pentaplet
AGTTC,5,pentaplet
AGTGA,5,pentaplet
AGTGT,5,pentaplet
AGTGG,5,pentaplet
AGTGC,5,pentaplet
AGTCA,5,pentaplet
AGTCT,5,pentaplet
AGTCG,5,pentaplet
AGTCC,5,pentaplet
AGGAA,5,pentaplet
AGGAT,5,pentaplet
AGGAG,5,pentaplet
AGGAC,5,pentaplet
AGGTA,5,pentaplet
AGGTT,5,pentaplet
AGGTG,5,pentaplet
AGGTC,5,pentaplet
AGGGA,5,pentaplet
AGGGT,5,pentaplet
AGGGG,5,pentaplet
AGGGC,5,pentaplet
AGGCA,5,pentaplet
AGGCT,5,pentaplet
AGGCG,5,pentaplet
AGGCC,5,pentaplet
AGCAA,5,pentaplet
AGCAT,5,pentaplet
AGCAG,5,pentaplet
AGCAC,5,pentaplet
AGCTA,5,pentaplet
AGCTT,5,pentaplet
AGCTG,5,pentaplet
AGCTC,5,pentaplet
AGCGA,5,pentaplet
AGCGT,5,pentaplet
AGCGG,5,pentaplet
AGCGC,5,pentaplet
AGCCA,5,pentaplet
AGCCT,5,pentaplet
AGCCG,5,pentaplet
AGCCC,5,pentaplet
ACAAA,5,pentaplet
ACAAT,5,pentaplet
ACAAG,5,pentaplet
ACAAC,5,pentaplet
ACATA,5,pentaplet
ACATT,5,pentaplet
ACATG,5,pentaplet
ACATC,5,pentaplet
ACAGA,5,pentaplet
ACAGT,5,pentaplet
ACAGG,5,pentaplet
ACAGC,5,pentaplet
ACACA,5,pentaplet
ACACT,5,pentaplet
ACACG,5,pentaplet
ACACC,5,pentaplet
ACTAA,5,pentaplet
ACTAT,5,pentaplet
ACTAG,5,pentaplet
ACTAC,5,pentaplet
ACTTA,5,pentaplet
ACTTT,5,pentaplet
ACTTG,5,pentaplet
ACTTC,5,pentaplet
ACTGA,5,pentaplet
ACTGT,5,pentaplet
ACTGG,5,pentaplet
ACTGC,5,pentaplet
ACTCA,5,pentaplet
ACTCT,5,pentaplet
ACTCG,5,pentaplet
ACTCC,5,pentaplet
ACGAA,5,pentaplet
ACGAT,5,pentaplet
ACGAG,5,pentaplet
ACGAC,5,pentaplet
ACGTA,5,pentaplet
ACGTT,5,pentaplet
ACGTG,5,pentaplet
ACGTC,5,pentaplet
ACGGA,5,pentaplet
ACGGT,5,pentaplet
ACGGG,5,pentaplet
ACGGC,5,pentaplet
ACGCA,5,pentaplet
ACGCT,5,pentaplet
ACGCG,5,pentaplet
ACGCC,5,pentaplet
ACCAA,5,pentaplet
ACCAT,5,pentaplet
ACCAG,5,pentaplet
ACCAC,5,pentaplet
ACCTA,5,pentaplet
ACCTT,5,pentaplet
ACCTG,5,pentaplet
ACCTC,5,pentaplet
ACCGA,5,pentaplet
ACCGT,5,pentaplet
ACCGG,5,pentaplet
ACCGC,5,pentaplet
ACCCA,5,pentaplet
ACCCT,5,pentaplet
ACCCG,5,pentaplet
ACCCC,5,pentaplet
TAAAA,5,pentaplet
TAAAT,5,pentaplet
TAAAG,5,pentaplet
TAAAC,5,pentaplet
TAATA,5,pentaplet
TAATT,5,pentaplet
TAATG,5,pentaplet
TAATC,5,pentaplet
TAAGA,5,pentaplet
TAAGT,5,pentaplet
TAAGG,5,pentaplet
TAAGC,5,pentaplet
TAACA,5,pentaplet
TAACT,5,pentaplet
TAACG,5,pentaplet
TAACC,5,pentaplet
TATAA,5,pentaplet
TATAT,5,pentaplet
TATAG,5,pentaplet
TATAC,5,pentaplet
TATTA,5,pentaplet
TATTT,5,pentaplet
TATTG,5,pentaplet
TATTC,5,pentaplet
TATGA,5,pentaplet
TATGT,5,pentaplet
TATGG,5,pentaplet
TATGC,5,pentaplet
TATCA,5,pentaplet
TATCT,5,pentaplet
TATCG,5,pentaplet
TATCC,5,pentaplet
TAGAA,5,pentaplet
TAGAT,5,pentaplet
TAGAG,5,pentaplet
TAGAC,5,pentaplet
TAGTA,5,pentaplet
TAGTT,5,pentaplet
TAGTG,5,pentaplet
TAGTC,5,pentaplet
TAGGA,5,pentaplet
TAGGT,5,pentaplet
TAGGG,5,pentaplet
TAGGC,5,pentaplet
TAGCA,5,pentaplet
TAGCT,5,pentaplet
TAGCG,5,pentaplet
TAGCC,5,pentaplet
TACAA,5,pentaplet
TACAT,5,pentaplet
TACAG,5,pentaplet
TACAC,5,pentaplet
TACTA,5,pentaplet
TACTT,5,pentaplet
TACTG,5,pentaplet
TACTC,5,pentaplet
TACGA,5,pentaplet
TACGT,5,pentaplet
TACGG,5,pentaplet
TACGC,5,pentaplet
TACCA,5,pentaplet
TACCT,5,pentaplet
TACCG,5,pentaplet
TACCC,5,pentaplet
TTAAA,5,pentaplet
TTAAT,5,pentaplet
TTAAG,5,pentaplet
TTAAC,5,pentaplet
TTATA,5,pentaplet
TTATT,5,pentaplet
TTATG,5,pentaplet
TTATC,5,pentaplet
TTAGA,5,pentaplet
TTAGT,5,pentaplet
TTAGG,5,pentaplet
TTAGC,5,pentaplet
TTACA,5,pentaplet
TTACT,5,pentaplet
TTACG,5,pentaplet
TTACC,5,pentaplet
TTTAA,5,pentaplet
TTTAT,5,pentaplet
TTTAG,5,pentaplet
TTTAC,5,pentaplet
TTTTA,5,pentaplet
TTTTT,5,pentaplet
TTTTG,5,pentaplet
TTTTC,5,pentaplet
TTTGA,5,pentaplet
TTTGT,5,pentaplet
TTTGG,5,pentaplet
TTTGC,5,pentaplet
TTTCA,5,pentaplet
TTTCT,5,pentaplet
TTTCG,5,pentaplet
TTTCC,5,pentaplet
TTGAA,5,pentaplet
TTGAT,5,pentaplet
TTGAG,5,pentaplet
TTGAC,5,pentaplet
TTGTA,5,pentaplet
TTGTT,5,pentaplet
TTGTG,5,pentaplet
TTGTC,5,pentaplet
TTGGA,5,pentaplet
TTGGT,5,pentaplet
TTGGG,5,pentaplet
TTGGC,5,pentaplet
TTGCA,5,pentaplet
TTGCT,5,pentaplet
TTGCG,5,pentaplet
TTGCC,5,pentaplet
TTCAA,5,pentaplet
TTCAT,5,pentaplet
TTCAG,5,pentaplet
TTCAC,5,pentaplet
TTCTA,5,pentaplet
TTCTT,5,pentaplet
TTCTG,5,pentaplet
TTCTC,5,pentaplet
TTCGA,5,pentaplet
TTCGT,5,pentaplet
TTCGG,5,pentaplet
TTCGC,5,pentaplet
TTCCA,5,pentaplet
TTCCT,5,pentaplet
TTCCG,5,pentaplet
TTCCC,5,pentaplet
TGAAA,5,pentaplet
TGAAT,5,pentaplet
TGAAG,5,pentaplet
TGAAC,5,pentaplet
TGATA,5,pentaplet
TGATT,5,pentaplet
TGATG,5,pentaplet
TGATC,5,pentaplet
TGAGA,5,pentaplet
TGAGT,5,pentaplet
TGAGG,5,pentaplet
TGAGC,5,pentaplet
TGACA,5,pentaplet
TGACT,5,pentaplet
TGACG,5,pentaplet
TGACC,5,pentaplet
TGTAA,5,pentaplet
TGTAT,5,pentaplet
TGTAG,5,pentaplet
TGTAC,5,pentaplet
TGTTA,5,pentaplet
TGTTT,5,pentaplet
TGTTG,5,pentaplet
TGTTC,5,pentaplet
TGTGA,5,pentaplet
TGTGT,5,pentaplet
TGTGG,5,pentaplet
TGTGC,5,pentaplet
TGTCA,5,pentaplet
TGTCT,5,pentaplet
TGTCG,5,pentaplet
TGTCC,5,pentaplet
TGGAA,5,pentaplet
TGGAT,5,pentaplet
TGGAG,5,pentaplet
TGGAC,5,pentaplet
TGGTA,5,pentaplet
TGGTT,5,pentaplet
TGGTG,5,pentaplet
TGGTC,5,pentaplet
TGGGA,5,pentaplet
TGGGT,5,pentaplet
TGGGG,5,pentaplet
TGGGC,5,pentaplet
TGGCA,5,pentaplet
TGGCT,5,pentaplet
TGGCG,5,pentaplet
TGGCC,5,pentaplet
TGCAA,5,pentaplet
TGCAT,5,pentaplet
TGCAG,5,pentaplet
TGCAC,5,pentaplet
TGCTA,5,pentaplet
TGCTT,5,pentaplet
TGCTG,5,pentaplet
TGCTC,5,pentaplet
TGCGA,5,pentaplet
TGCGT,5,pentaplet
TGCGG,5,pentaplet
TGCGC,5,pentaplet
TGCCA,5,pentaplet
TGCCT,5,pentaplet
TGCCG,5,pentaplet
TGCCC,5,pentaplet
TCAAA,5,pentaplet
TCAAT,5,pentaplet
TCAAG,5,pentaplet
TCAAC,5,pentaplet
TCATA,5,pentaplet
TCATT,5,pentaplet
TCATG,5,pentaplet
TCATC,5,pentaplet
TCAGA,5,pentaplet
TCAGT,5,pentaplet
TCAGG,5,pentaplet
TCAGC,5,pentaplet
TCACA,5,pentaplet
TCACT,5,pentaplet
TCACG,5,pentaplet
TCACC,5,pentaplet
TCTAA,5,pentaplet
TCTAT,5,pentaplet
TCTAG,5,pentaplet
TCTAC,5,pentaplet
TCTTA,5,pentaplet
TCTTT,5,pentaplet
TCTTG,5,pentaplet
TCTTC,5,pentaplet
TCTGA,5,pentaplet
TCTGT,5,pentaplet
TCTGG,5,pentaplet
TCTGC,5,pentaplet
TCTCA,5,pentaplet
TCTCT,5,pentaplet
TCTCG,5,pentaplet
TCTCC,5,pentaplet
TCGAA,5,pentaplet
TCGAT,5,pentaplet
TCGAG,5,pentaplet
TCGAC,5,pentaplet
TCGTA,5,pentaplet
TCGTT,5,pentaplet
TCGTG,5,pentaplet
TCGTC,5,pentaplet
TCGGA,5,pentaplet
TCGGT,5,pentaplet
TCGGG,5,pentaplet
TCGGC,5,pentaplet
TCGCA,5,pentaplet
TCGCT,5,pentaplet
TCGCG,5,pentaplet
TCGCC,5,pentaplet
TCCAA,5,pentaplet
TCCAT,5,pentaplet
TCCAG,5,pentaplet
TCCAC,5,pentaplet
TCCTA,5,pentaplet
TCCTT,5,pentaplet
TCCTG,5,pentaplet
TCCTC,5,pentaplet
TCCGA,5,pentaplet
TCCGT,5,pentaplet
TCCGG,5,pentaplet
TCCGC,5,pentaplet
TCCCA,5,pentaplet
TCCCT,5,pentaplet
TCCCG,5,pentaplet
TCCCC,5,pentaplet
GAAAA,5,pentaplet
GAAAT,5,pentaplet
GAAAG,5,pentaplet
GAAAC,5,pentaplet
GAATA,5,pentaplet
GAATT,5,pentaplet
GAATG,5,pentaplet
GAATC,5,pentaplet
GAAGA,5,pentaplet
GAAGT,5,pentaplet
GAAGG,5,pentaplet
GAAGC,5,pentaplet
GAACA,5,pentaplet
GAACT,5,pentaplet
GAACG,5,pentaplet
GAACC,5,pentaplet
GATAA,5,pentaplet
GATAT,5,pentaplet
GATAG,5,pentaplet
GATAC,5,pentaplet
GATTA,5,pentaplet
GATTT,5,pentaplet
GATTG,5,pentaplet
GATTC,5,pentaplet
GATGA,5,pentaplet
GATGT,5,pentaplet
GATGG,5,pentaplet
GATGC,5,pentaplet
GATCA,5,pentaplet
GATCT,5,pentaplet
GATCG,5,pentaplet
GATCC,5,pentaplet
GAGAA,5,pentaplet
GAGAT,5,pentaplet
GAGAG,5,pentaplet
GAGAC,5,pentaplet
GAGTA,5,pentaplet
GAGTT,5,pentaplet
GAGTG,5,pentaplet
GAGTC,5,pentaplet
GAGGA,5,pentaplet
GAGGT,5,pentaplet
GAGGG,5,pentaplet
GAGGC,5,pentaplet
GAGCA,5,pentaplet
GAGCT,5,pentaplet
GAGCG,5,pentaplet
GAGCC,5,pentaplet
GACAA,5,pentaplet
GACAT,5,pentaplet
GACAG,5,pentaplet
GACAC,5,pentaplet
GACTA,5,pentaplet
GACTT,5,pentaplet
GACTG,5,pentaplet
GACTC,5,pentaplet
GACGA,5,pentaplet
GACGT,5,pentaplet
GACGG,5,pentaplet
GACGC,5,pentaplet
GACCA,5,pentaplet
GACCT,5,pentaplet
GACCG,5,pentaplet
GACCC,5,pentaplet
GTAAA,5,pentaplet
GTAAT,5,pentaplet
GTAAG,5,pentaplet
GTAAC,5,pentaplet
GTATA,5,pentaplet
GTATT,5,pentaplet
GTATG,5,pentaplet
GTATC,5,pentaplet
GTAGA,5,pentaplet
GTAGT,5,pentaplet
GTAGG,5,pentaplet
GTAGC,5,pentaplet
GTACA,5,pentaplet
GTACT,5,pentaplet
GTACG,5,pentaplet
GTACC,5,pentaplet
GTTAA,5,pentaplet
GTTAT,5,pentaplet
GTTAG,5,pentaplet
GTTAC,5,pentaplet
GTTTA,5,pentaplet
GTTTT,5,pentaplet
GTTTG,5,pentaplet
GTTTC,5,pentaplet
GTTGA,5,pentaplet
GTTGT,5,pentaplet
GTTGG,5,pentaplet
GTTGC,5,pentaplet
GTTCA,5,pentaplet
GTTCT,5,pentaplet
GTTCG,5,pentaplet
GTTCC,5,pentaplet
GTGAA,5,pentaplet
GTGAT,5,pentaplet
GTGAG,5,pentaplet
GTGAC,5,pentaplet
GTGTA,5,pentaplet
GTGTT,5,pentaplet
GTGTG,5,pentaplet
GTGTC,5,pentaplet
GTGGA,5,pentaplet
GTGGT,5,pentaplet
GTGGG,5,pentaplet
GTGGC,5,pentaplet
GTGCA,5,pentaplet
GTGCT,5,pentaplet
GTGCG,5,pentaplet
GTGCC,5,pentaplet
GTCAA,5,pentaplet
GTCAT,5,pentaplet
GTCAG,5,pentaplet
GTCAC,5,pentaplet
GTCTA,5,pentaplet
GTCTT,5,pentaplet
GTCTG,5,pentaplet
GTCTC,5,pentaplet
GTCGA,5,pentaplet
GTCGT,5,pentaplet
GTCGG,5,pentaplet
GTCGC,5,pentaplet
GTCCA,5,pentaplet
GTCCT,5,pentaplet
GTCCG,5,pentaplet
GTCCC,5,pentaplet
GGAAA,5,pentaplet
GGAAT,5,pentaplet
GGAAG,5,pentaplet
GGAAC,5,pentaplet
GGATA,5,pentaplet
GGATT,5,pentaplet
GGATG,5,pentaplet
GGATC,5,pentaplet
GGAGA,5,pentaplet
GGAGT,5,pentaplet
GGAGG,5,pentaplet
GGAGC,5,pentaplet
GGACA,5,pentaplet
GGACT,5,pentaplet
GGACG,5,pentaplet
GGACC,5,pentaplet
GGTAA,5,pentaplet
GGTAT,5,pentaplet
GGTAG,5,pentaplet
GGTAC,5,pentaplet
GGTTA,5,pentaplet
GGTTT,5,pentaplet
GGTTG,5,pentaplet
GGTTC,5,pentaplet
GGTGA,5,pentaplet
GGTGT,5,pentaplet
GGTGG,5,pentaplet
GGTGC,5,pentaplet
GGTCA,5,pentaplet
GGTCT,5,pentaplet
GGTCG,5,pentaplet
GGTCC,5,pentaplet
GGGAA,5,pentaplet
GGGAT,5,pentaplet
GGGAG,5,pentaplet
GGGAC,5,pentaplet
GGGTA,5,pentaplet
GGGTT,5,pentaplet
GGGTG,5,pentaplet
GGGTC,5,pentaplet
GGGGA,5,pentaplet
GGGGT,5,pentaplet
GGGGG,5,pentaplet
GGGGC,5,pentaplet
GGGCA,5,pentaplet
GGGCT,5,pentaplet
GGGCG,5,pentaplet
GGGCC,5,pentaplet
GGCAA,5,pentaplet
GGCAT,5,pentaplet
GGCAG,5,pentaplet
GGCAC,5,pentaplet
GGCTA,5,pentaplet
GGCTT,5,pentaplet
GGCTG,5,pentaplet
GGCTC,5,pentaplet
GGCGA,5,pentaplet
GGCGT,5,pentaplet
GGCGG,5,pentaplet
GGCGC,5,pentaplet
GGCCA,5,pentaplet
GGCCT,5,pentaplet
GGCCG,5,pentaplet
GGCCC,5,pentaplet
GCAAA,5,pentaplet
GCAAT,5,pentaplet
GCAAG,5,pentaplet
GCAAC,5,pentaplet
GCATA,5,pentaplet
GCATT,5,pentaplet
GCATG,5,pentaplet
GCATC,5,pentaplet
GCAGA,5,pentaplet
GCAGT,5,pentaplet
GCAGG,5,pentaplet
GCAGC,5,pentaplet
GCACA,5,pentaplet
GCACT,5,pentaplet
GCACG,5,pentaplet
GCACC,5,pentaplet
GCTAA,5,pentaplet
GCTAT,5,pentaplet
GCTAG,5,pentaplet
GCTAC,5,pentaplet
GCTTA,5,pentaplet
GCTTT,5,pentaplet
GCTTG,5,pentaplet
GCTTC,5,pentaplet
GCTGA,5,pentaplet
GCTGT,5,pentaplet
GCTGG,5,pentaplet
GCTGC,5,pentaplet
GCTCA,5,pentaplet
GCTCT,5,pentaplet
GCTCG,5,pentaplet
GCTCC,5,pentaplet
GCGAA,5,pentaplet
GCGAT,5,pentaplet
GCGAG,5,pentaplet
GCGAC,5,pentaplet
GCGTA,5,pentaplet
GCGTT,5,pentaplet
GCGTG,5,pentaplet
GCGTC,5,pentaplet
GCGGA,5,pentaplet
GCGGT,5,pentaplet
GCGGG,5,pentaplet
GCGGC,5,pentaplet
GCGCA,5,pentaplet
GCGCT,5,pentaplet
GCGCG,5,pentaplet
GCGCC,5,pentaplet
GCCAA,5,pentaplet
GCCAT,5,pentaplet
GCCAG,5,pentaplet
GCCAC,5,pentaplet
GCCTA,5,pentaplet
GCCTT,5,pentaplet
GCCTG,5,pentaplet
GCCTC,5,pentaplet
GCCGA,5,pentaplet
GCCGT,5,pentaplet
GCCGG,5,pentaplet
GCCGC,5,pentaplet
GCCCA,5,pentaplet
GCCCT,5,pentaplet
GCCCG,5,pentaplet
GCCCC,5,pentaplet
CAAAA,5,pentaplet
CAAAT,5,pentaplet
CAAAG,5,pentaplet
CAAAC,5,pentaplet
CAATA,5,pentaplet
CAATT,5,pentaplet
CAATG,5,pentaplet
CAATC,5,pentaplet
CAAGA,5,pentaplet
CAAGT,5,pentaplet
CAAGG,5,pentaplet
CAAGC,5,pentaplet
CAACA,5,pentaplet
CAACT,5,pentaplet
CAACG,5,pentaplet
CAACC,5,pentaplet
CATAA,5,pentaplet
CATAT,5,pentaplet
CATAG,5,pentaplet
CATAC,5,pentaplet
CATTA,5,pentaplet
CATTT,5,pentaplet
CATTG,5,pentaplet
CATTC,5,pentaplet
CATGA,5,pentaplet
CATGT,5,pentaplet
CATGG,5,pentaplet
CATGC,5,pentaplet
CATCA,5,pentaplet
CATCT,5,pentaplet
CATCG,5,pentaplet
CATCC,5,pentaplet
CAGAA,5,pentaplet
CAGAT,5,pentaplet
CAGAG,5,pentaplet
CAGAC,5,pentaplet
CAGTA,5,pentaplet
CAGTT,5,pentaplet
CAGTG,5,pentaplet
CAGTC,5,pentaplet
CAGGA,5,pentaplet
CAGGT,5,pentaplet
CAGGG,5,pentaplet
CAGGC,5,pentaplet
CAGCA,5,pentaplet
CAGCT,5,pentaplet
CAGCG,5,pentaplet
CAGCC,5,pentaplet
CACAA,5,pentaplet
CACAT,5,pentaplet
CACAG,5,pentaplet
CACAC,5,pentaplet
CACTA,5,pentaplet
CACTT,5,pentaplet
CACTG,5,pentaplet
CACTC,5,pentaplet
CACGA,5,pentaplet
CACGT,5,pentaplet
CACGG,5,pentaplet
CACGC,5,pentaplet
CACCA,5,pentaplet
CACCT,5,pentaplet
CACCG,5,pentaplet
CACCC,5,pentaplet
CTAAA,5,pentaplet
CTAAT,5,pentaplet
CTAAG,5,pentaplet
CTAAC,5,pentaplet
CTATA,5,pentaplet
CTATT,5,pentaplet
CTATG,5,pentaplet
CTATC,5,pentaplet
CTAGA,5,pentaplet
CTAGT,5,pentaplet
CTAGG,5,pentaplet
CTAGC,5,pentaplet
CTACA,5,pentaplet
CTACT,5,pentaplet
CTACG,5,pentaplet
CTACC,5,pentaplet
CTTAA,5,pentaplet
CTTAT,5,pentaplet
CTTAG,5,pentaplet
CTTAC,5,pentaplet
CTTTA,5,pentaplet
CTTTT,5,pentaplet
CTTTG,5,pentaplet
CTTTC,5,pentaplet
CTTGA,5,pentaplet
CTTGT,5,pentaplet
CTTGG,5,pentaplet
CTTGC,5,pentaplet
CTTCA,5,pentaplet
CTTCT,5,pentaplet
CTTCG,5,pentaplet
CTTCC,5,pentaplet
CTGAA,5,pentaplet
CTGAT,5,pentaplet
CTGAG,5,pentaplet
CTGAC,5,pentaplet
CTGTA,5,pentaplet
CTGTT,5,pentaplet
CTGTG,5,pentaplet
CTGTC,5,pentaplet
CTGGA,5,pentaplet
CTGGT,5,pentaplet
CTGGG,5,pentaplet
CTGGC,5,pentaplet
CTGCA,5,pentaplet
CTGCT,5,pentaplet
CTGCG,5,pentaplet
CTGCC,5,pentaplet
CTCAA,5,pentaplet
CTCAT,5,pentaplet
CTCAG,5,pentaplet
CTCAC,5,pentaplet
CTCTA,5,pentaplet
CTCTT,5,pentaplet
CTCTG,5,pentaplet
CTCTC,5,pentaplet
CTCGA,5,pentaplet
CTCGT,5,pentaplet
CTCGG,5,pentaplet
CTCGC,5,pentaplet
CTCCA,5,pentaplet
CTCCT,5,pentaplet
CTCCG,5,pentaplet
CTCCC,5,pentaplet
CGAAA,5,pentaplet
CGAAT,5,pentaplet
CGAAG,5,pentaplet
CGAAC,5,pentaplet
CGATA,5,pentaplet
CGATT,5,pentaplet
CGATG,5,pentaplet
CGATC,5,pentaplet
CGAGA,5,pentaplet
CGAGT,5,pentaplet
CGAGG,5,pentaplet
CGAGC,5,pentaplet
CGACA,5,pentaplet
CGACT,5,pentaplet
CGACG,5,pentaplet
CGACC,5,pentaplet
CGTAA,5,pentaplet
CGTAT,5,pentaplet
CGTAG,5,pentaplet
CGTAC,5,pentaplet
CGTTA,5,pentaplet
CGTTT,5,pentaplet
CGTTG,5,pentaplet
CGTTC,5,pentaplet
CGTGA,5,pentaplet
CGTGT,5,pentaplet
CGTGG,5,pentaplet
CGTGC,5,pentaplet
CGTCA,5,pentaplet
CGTCT,5,pentaplet
CGTCG,5,pentaplet
CGTCC,5,pentaplet
CGGAA,5,pentaplet
CGGAT,5,pentaplet
CGGAG,5,pentaplet
CGGAC,5,pentaplet
CGGTA,5,pentaplet
CGGTT,5,pentaplet
CGGTG,5,pentaplet
CGGTC,5,pentaplet
CGGGA,5,pentaplet
CGGGT,5,pentaplet
CGGGG,5,pentaplet
CGGGC,5,pentaplet
CGGCA,5,pentaplet
CGGCT,5,pentaplet
CGGCG,5,pentaplet
CGGCC,5,pentaplet
CGCAA,5,pentaplet
CGCAT,5,pentaplet
CGCAG,5,pentaplet
CGCAC,5,pentaplet
CGCTA,5,pentaplet
CGCTT,5,pentaplet
CGCTG,5,pentaplet
CGCTC,5,pentaplet
CGCGA,5,pentaplet
CGCGT,5,pentaplet
CGCGG,5,pentaplet
CGCGC,5,pentaplet
CGCCA,5,pentaplet
CGCCT,5,pentaplet
CGCCG,5,pentaplet
CGCCC,5,pentaplet
CCAAA,5,pentaplet
CCAAT,5,pentaplet
CCAAG,5,pentaplet
CCAAC,5,pentaplet
CCATA,5,pentaplet
CCATT,5,pentaplet
CCATG,5,pentaplet
CCATC,5,pentaplet
CCAGA,5,pentaplet
CCAGT,5,pentaplet
CCAGG,5,pentaplet
CCAGC,5,pentaplet
CCACA,5,pentaplet
CCACT,5,pentaplet
CCACG,5,pentaplet
CCACC,5,pentaplet
CCTAA,5,pentaplet
CCTAT,5,pentaplet
CCTAG,5,pentaplet
CCTAC,5,pentaplet
CCTTA,5,pentaplet
CCTTT,5,pentaplet
CCTTG,5,pentaplet
CCTTC,5,pentaplet
CCTGA,5,pentaplet
CCTGT,5,pentaplet
CCTGG,5,pentaplet
CCTGC,5,pentaplet
CCTCA,5,pentaplet
CCTCT,5,pentaplet
CCTCG,5,pentaplet
CCTCC,5,pentaplet
CCGAA,5,pentaplet
CCGAT,5,pentaplet
CCGAG,5,pentaplet
CCGAC,5,pentaplet
CCGTA,5,pentaplet
CCGTT,5,pentaplet
CCGTG,5,pentaplet
CCGTC,5,pentaplet
CCGGA,5,pentaplet
CCGGT,5,pentaplet
CCGGG,5,pentaplet
CCGGC,5,pentaplet
CCGCA,5,pentaplet
CCGCT,5,pentaplet
CCGCG,5,pentaplet
CCGCC,5,pentaplet
CCCAA,5,pentaplet
CCCAT,5,pentaplet
CCCAG,5,pentaplet
CCCAC,5,pentaplet
CCCTA,5,pentaplet
CCCTT,5,pentaplet
CCCTG,5,pentaplet
CCCTC,5,pentaplet
CCCGA,5,pentaplet
CCCGT,5,pentaplet
CCCGG,5,pentaplet
CCCGC,5,pentaplet
CCCCA,5,pentaplet
CCCCT,5,pentaplet
CCCCG,5,pentaplet
CCCCC,5,pentaplet
